season_no,episode_no,prod_code,episode_title,directed_by,written_by,orginal_air_date,us_viewers,network,parts,episode_type
1,1,456650,The Pilot,James Burrows,David Crane & Marta Kauffman,1994-09-22,21.5,NBC,1,Season Premiere
1,2,456652,The One with the Sonogram at the End,James Burrows,David Crane & Marta Kauffman,1994-09-29,20.2,NBC,1,Normal Episode
1,3,456651,The One with the Thumb,James Burrows,Jeffrey Astrof & Mike Sikowitz,1994-10-06,19.5,NBC,1,Normal Episode
1,4,456654,The One with George Stephanopoulos,James Burrows,Alexa Junge,1994-10-13,19.7,NBC,1,Normal Episode
1,5,456653,The One with the East German Laundry Detergent,Pamela Fryman,Jeff Greenstein & Jeff Strauss,1994-10-20,18.6,NBC,1,Normal Episode
1,6,456655,The One with the Butt,Arlene Sanford,Adam Chase & Ira Ungerleider,1994-10-27,18.2,NBC,1,Normal Episode
1,7,456656,The One with the Blackout,James Burrows,Jeffrey Astrof & Mike Sikowitz,1994-11-03,23.5,NBC,1,Normal Episode
1,8,456657,The One Where Nana Dies Twice,James Burrows,Marta Kauffman & David Crane,1994-11-10,21.1,NBC,1,Normal Episode
1,9,456659,The One Where Underdog Gets Away,James Burrows,Jeff Greenstein & Jeff Strauss,1994-11-17,23.1,NBC,1,Normal Episode
1,10,456661,The One with the Monkey,Peter Bonerz,Adam Chase & Ira Ungerleider,1994-12-15,19.9,NBC,1,Normal Episode
1,11,456660,The One with Mrs. Bing,James Burrows,Alexa Junge,1995-01-05,26.6,NBC,1,Normal Episode
1,12,456658,The One with the Dozen Lasagnas,Paul Lazarus,Jeffrey Astrof & Mike Sikowitz & Adam Chase & Ira Ungerleider,1995-01-12,24.0,NBC,1,Normal Episode
1,13,456664,The One with the Boobies,Alan Myerson,Alexa Junge,1995-01-19,25.8,NBC,1,Normal Episode
1,14,456667,The One with the Candy Hearts,James Burrows,Bill Lawrence,1995-02-09,23.8,NBC,1,Normal Episode
1,15,456663,The One with the Stoned Guy,Alan Myerson,Jeff Greenstein & Jeff Strauss,1995-02-16,24.8,NBC,1,Normal Episode
1,16,456665A,The One with Two Parts: Part 1,Michael Lembeck,Marta Kauffman & David Crane,1995-02-23,26.1,NBC,1,Normal Episode
1,17,456665B,The One with Two Parts: Part 2,Michael Lembeck,Marta Kauffman & David Crane,1995-02-23,30.5,NBC,2,Normal Episode
1,18,456662,The One with All the Poker,James Burrows,Jeffrey Astrof & Mike Sikowitz,1995-03-02,30.4,NBC,1,Normal Episode
1,19,456668,The One Where the Monkey Gets Away,Peter Bonerz,Jeffrey Astrof & Mike Sikowitz,1995-03-09,29.4,NBC,1,Normal Episode
1,20,456669,The One with the Evil Orthodontist,Peter Bonerz,Doty Abrams,1995-04-06,30.0,NBC,1,Normal Episode
1,21,456671,The One with the Fake Monica,Gail Mancuso,Adam Chase & Ira Ungerleider,1995-04-27,28.4,NBC,1,Normal Episode
1,22,456670,The One with the Ick Factor,Robby Benson,Alexa Junge,1995-05-04,29.9,NBC,1,Normal Episode
1,23,456672,The One with the Birth,James Burrows, Jeff Greenstein & Jeff Strauss,1995-05-11,28.7,NBC,1,Normal Episode
1,24,456673,The One Where Rachel Finds Out,Kevin S. Bright,Chris Brown,1995-05-18,31.3,NBC,1,Season Finale
2,1,457301,The One with Ross's New Girlfriend,Michael Lembeck,Jeffrey Astrof & Mike Sikowitz,1995-09-21,32.1,NBC,1,Season Premiere
2,2,457302,The One with the Breast Milk,Michael Lembeck,Adam Chase & Ira Ungerleider,1995-09-28,29.8,NBC,1,Normal Episode
2,3,457303,The One Where Heckles Dies,Kevin S. Bright,Michael Curtis & Gregory S. Malins,1995-10-05,30.2,NBC,1,Normal Episode
2,4,457305,The One with Phoebe's Husband,Gail Mancuso,Alexa Junge,1995-10-12,28.1,NBC,1,Normal Episode
2,5,457304,The One with Five Steaks and an Eggplant,Ellen Gittelsohn,Chris Brown,1995-10-19,28.3,NBC,1,Normal Episode
2,6,457306,The One with the Baby on the Bus,Gail Mancuso,Betsy Borns,1995-11-02,30.2,NBC,1,Normal Episode
2,7,457307,The One Where Ross Finds Out,Peter Bonerz,Michael Borkow,1995-11-09,30.5,NBC,1,Normal Episode
2,8,457308,The One with the List,Mary Kay Place,David Crane & Marta Kauffman,1995-11-16,32.9,NBC,1,Normal Episode
2,9,457309,The One with Phoebe's Dad,Kevin S. Bright,Jeffrey Astrof & Mike Sikowitz,1995-12-14,27.8,NBC,1,Normal Episode
2,10,457311,The One with Russ,Thomas Schlamme,Ira Ungerleider,1996-01-04,32.2,NBC,1,Normal Episode
2,11,457312,The One with the Lesbian Wedding,Thomas Schlamme,Doty Abrams,1996-01-18,31.6,NBC,1,Normal Episode
2,14,457310,The One with the Prom Video,James Burrows,Alexa Junge,1996-02-01,33.6,NBC,1,Normal Episode
2,15,457315,The One Where Ross and Rachel...You Know,Michael Lembeck,Michael Curtis & Gregory S. Malins,1996-02-08,32.9,NBC,1,Normal Episode
2,16,457316,The One Where Joey Moves Out,Michael Lembeck,Betsy Borns,1996-02-15,31.1,NBC,1,Normal Episode
2,17,457317,The One Where Eddie Moves In,Michael Lembeck,Adam Chase,1996-02-22,30.2,NBC,1,Normal Episode
2,18,457318,The One Where Dr. Ramoray Dies,Michael Lembeck, Michael Borkow,1996-03-21,30.1,NBC,1,Normal Episode
2,19,457319,The One Where Eddie Won't Go,Michael Lembeck,Michael Curtis & Gregory S. Malins,1996-03-28,31.2,NBC,1,Normal Episode
2,20,457320,The One Where Old Yeller Dies,Michael Lembeck, Adam Chase,1996-04-04,27.4,NBC,1,Normal Episode
2,21,457321,The One with the Bullies,Michael Lembeck,Brian Buckner & Sebastian Jones,1996-04-25,24.7,NBC,1,Normal Episode
2,22,457322,The One with the Two Parties,Michael Lembeck,Alexa Junge,1996-05-02,25.5,NBC,1,Normal Episode
2,23,457324,The One with the Chicken Pox,Michael Lembeck,Brown Mandell,1996-05-09,26.1,NBC,1,Normal Episode
2,24,457323,The One with Barry and Mindy's Wedding,Michael Lembeck, Brown Mandell,1996-05-16,29.0,NBC,1,Season Finale
3,1,465251,The One with the Princess Leia Fantasy,Gail Mancuso,Michael Curtis & Gregory S. Malins,1996-09-19,26.8,NBC,1,Season Premiere
3,2,465252,The One Where No One's Ready,Gail Mancuso,Ira Ungerleider,1996-09-26,26.7,NBC,1,50th Episode
3,3,465253,The One with the Jam,Kevin S. Bright,Wil Calhoun,1996-10-03,25.2,NBC,1,Normal Episode
3,4,465254,The One with the Metaphorical Tunnel,Steve Zuckerman,Alexa Junge,1996-10-10,26.1,NBC,1,Normal Episode
3,5,465255,The One with Frank Jr.,Steve Zuckerman,Shana Goldberg-Meehan & Scott Silveri,1996-10-17,23.3,NBC,1,Normal Episode
3,6,465256,The One with the Flashback,Peter Bonerz,David Crane & Marta Kauffman,1996-10-31,23.3,NBC,1,Normal Episode
3,7,465257,The One with the Race Car Bed,Gail Mancuso,Seth Kurland,1996-11-07,27.4,NBC,1,Normal Episode
3,8,465258,The One with the Giant Poking Device,Gail Mancuso,Adam Chase,1996-11-14,28.7,NBC,1,Normal Episode
3,9,465259,The One with the Football,Kevin S. Bright,Ira Ungerleider,1996-11-21,29.3,NBC,1,Normal Episode
3,10,465260,The One Where Rachel Quits,Terry Hughes,Gregory S. Malins & Michael Curtis,1996-12-12,25.1,NBC,1,Normal Episode
3,11,465261,The One Where Chandler Can't Remember Which Sister,Terry Hughes,Alexa Junge,1997-01-09,29.8,NBC,1,Normal Episode
3,12,465262,The One with All the Jealousy,Robby Benson,Doty Abrams,1997-01-16,29.6,NBC,1,Normal Episode
3,13,465265,The One Where Monica and Richard Are Just Friends,Robby Benson,Michael Borkow,1997-01-30,28.0,NBC,1,Normal Episode
3,14,465266,The One with Phoebe's Ex-Partner,Robby Benson,Wil Calhoun,1997-02-06,28.9,NBC,1,Normal Episode
3,15,465263,The One Where Ross and Rachel Take a Break,James Burrows,Michael Borkow,1997-02-13,27.3,NBC,1,Normal Episode
3,16,465264,The One with the Morning After,James Burrows,David Crane & Marta Kauffman,1997-02-20,28.3,NBC,1,Normal Episode
3,17,465267,The One Without the Ski Trip,Sam Simon,Shana Goldberg-Meehan & Scott Silveri,1997-03-06,25.8,NBC,1,Normal Episode
3,18,465269,The One with the Hypnosis Tape,Robby Benson,Seth Kurland,1997-03-13,28.1,NBC,1,Normal Episode
3,19,465268,The One with the Tiny T-Shirt,Terry Hughes,Adam Chase,1997-03-27,23.7,NBC,1,Normal Episode
3,20,465270,The One with the Dollhouse,Terry Hughes,Wil Calhoun,1997-04-10,24.4,NBC,1,Normal Episode
3,21,465271,The One with a Chick and a Duck,Michael Lembeck,Chris Brown,1997-04-17,23.2,NBC,1,Normal Episode
3,22,465272,The One with the Screamer,Peter Bonerz,Shana Goldberg-Meehan & Scott Silveri,1997-04-24,22.6,NBC,1,Normal Episode
3,23,465274,The One with Ross's Thing,Shelley Jensen,Ted Cohen & Andrew Reich,1997-05-01,24.2,NBC,1,Normal Episode
3,24,465273,The One with the Ultimate Fighting Champion,Robby Benson, Shana Goldberg-Meehan & Scott Silveri,1997-05-08,23.1,NBC,1,Normal Episode
3,25,465275,The One at the Beach,Pamela Fryman, Adam Chase,1997-05-15,28.8,NBC,1,Season Finale
4,1,466601,The One with the Jellyfish,Shelley Jensen,Wil Calhoun,1997-09-25,29.4,NBC,1,Season Premiere
4,2,466602,The One with the Cat,Shelley Jensen,"Jill Condon 
& Amy Toomin",1997-10-02,25.5,NBC,1,Normal Episode
4,3,466603,The One with the Cuffs,Peter Bonerz,Seth Kurland,1997-10-09,24.0,NBC,1,Normal Episode
4,4,466604,The One with the Ballroom Dancing,Gail Mancuso,Ted Cohen & Andrew Reich,1997-10-16,24.3,NBC,1,Normal Episode
4,5,466605,The One with Joey's New Girlfriend,Gail Mancuso,Gregory S. Malins & Michael Curtis,1997-10-30,24.4,NBC,1,Normal Episode
4,6,466606,The One with the Dirty Girl,Shelley Jensen,Shana Goldberg-Meehan & Scott Silveri,1997-11-06,25.7,NBC,1,Normal Episode
4,7,466607,The One Where Chandler Crosses the Line,Kevin S. Bright,Adam Chase,1997-11-13,26.4,NBC,1,Normal Episode
4,8,466608,The One with Chandler in a Box,Peter Bonerz,Michael Borkow,1997-11-20,26.8,NBC,1,Normal Episode
4,9,466609,The One Where They're Going to Party!,Peter Bonerz,Ted Cohen & Andrew Reich,1997-12-11,23.9,NBC,1,Normal Episode
4,10,466612,The One with the Girl from Poughkeepsie,Gary Halvorson,Scott Silveri,1997-12-18,23.2,NBC,1,Normal Episode
4,11,466610,The One with Phoebe's Uterus,David Steinberg,Seth Kurland,1998-01-08,23.7,NBC,1,Normal Episode
4,12,466611,The One with the Embryos,Kevin S. Bright,Jill Condon & Amy Toomin,1998-01-15,27.1,NBC,1,Normal Episode
4,13,466613,The One with Rachel's Crush,Dana DeVally Piazza,Shana Goldberg-Meehan,1998-01-29,25.3,NBC,1,Normal Episode
4,14,466614,The One with Joey's Dirty Day,Peter Bonerz,Wil Calhoun,1998-02-05,25.1,NBC,1,Normal Episode
4,15,466617,The One with All the Rugby,James Burrows, Wil Calhoun,1998-02-26,24.4,NBC,1,Normal Episode
4,16,466615,The One with the Fake Party,Michael Lembeck, Scott Silveri & Shana Goldberg-Meehan,1998-03-19,23.1,NBC,1,Normal Episode
4,17,466616,The One with the Free Porn,Michael Lembeck, Richard Goodman,1998-03-26,23.2,NBC,1,Normal Episode
4,18,466620,The One with Rachel's New Dress,Gail Mancuso, Jill Condon & Amy Toomin,1998-04-02,21.7,NBC,1,Normal Episode
4,19,466618,The One with All the Haste,Kevin S. Bright,Scott Silveri & Wil Calhoun,1998-04-09,21.8,NBC,1,Normal Episode
4,20,466621,The One with All the Wedding Dresses,Gail Mancuso, Gregory S. Malins & Michael Curtis,1998-04-16,21.9,NBC,1,Normal Episode
4,21,466619,The One with the Invitation,Peter Bonerz,Seth Kurland,1998-04-23,21.5,NBC,1,Normal Episode
4,22,466622,The One with the Worst Best Man Ever,Peter Bonerz, Gregory S. Malins & Michael Curtis,1998-04-30,23.2,NBC,1,Normal Episode
5,1,467651,The One After Ross Says Rachel,Kevin S. Bright,Seth Kurland,1998-09-24,31.1,NBC,1,Season Premiere
5,2,467652,The One with All the Kissing,Gary Halvorson,Wil Calhoun,1998-10-01,25.4,NBC,1,99th Episode
5,3,467653,The One HundredthThe One with the Triplets,Kevin S. Bright,David Crane & Marta Kauffman,1998-10-08,26.8,NBC,1,100th Episode
5,4,467654,The One Where Phoebe Hates PBS,Shelley Jensen,Michael Curtis,1998-10-15,24.1,NBC,1,Normal Episode
5,5,467655,The One with the Kips,Dana DeValley Piazza,Scott Silveri,1998-10-29,25.9,NBC,1,Normal Episode
5,6,467656,The One with the Yeti,Gary Halvorson,Alexa Junge,1998-11-05,25.0,NBC,1,Normal Episode
5,7,467657,The One Where Ross Moves In,Gary Halvorson,Gigi McCreery & Perry Rein,1998-11-12,24.4,NBC,1,Normal Episode
5,8,467659,The One with All the Thanksgivings,Kevin S. Bright,Gregory S. Malins,1998-11-19,23.9,NBC,1,Normal Episode
5,9,467658,The One with Ross's Sandwich,Gary Halvorson,Ted Cohen & Andrew Reich,1998-12-10,23.0,NBC,1,Normal Episode
5,10,467661,The One with the Inappropriate Sister,Dana DeValley Piazza,Shana Goldberg-Meehan,1998-12-17,23.7,NBC,1,Normal Episode
5,11,467660,The One with All the Resolutions,Joe Regalbuto, Suzie Villandry,1999-01-07,27.0,NBC,1,Normal Episode
5,12,467663,The One with Chandler's Work Laugh,Kevin S. Bright,Alicia Sky Varinaitis,1999-01-21,24.8,NBC,1,Normal Episode
5,13,467662,The One with Joey's Bag,Gail Mancuso, Seth Kurland,1999-02-04,24.9,NBC,1,Normal Episode
5,14,467664,The One Where Everybody Finds Out,Michael Lembeck,Alexa Junge,1999-02-11,27.7,NBC,1,Normal Episode
5,15,467665,The One with the Girl Who Hits Joey,Kevin S. Bright,Adam Chase,1999-02-18,29.3,NBC,1,Normal Episode
5,16,467666,The One with the Cop,Andrew Tsao, Gigi McCreery & Perry Rein,1999-02-25,26.0,NBC,1,Normal Episode
5,17,467667,The One with Rachel's Inadvertent Kiss,Shelley Jensen,Andrew Reich & Ted Cohen,1999-03-18,24.5,NBC,1,Normal Episode
5,18,467668,The One Where Rachel Smokes,Todd Holland,Michael Curtis,1999-04-08,21.9,NBC,1,Normal Episode
5,19,467669,The One Where Ross Can't Flirt,Gail Mancuso,Doty Abrams,1999-04-22,20.9,NBC,1,Normal Episode
5,20,467670,The One with the Ride-Along,Gary Halvorson,Shana Goldberg-Meehan & Seth Kurland,1999-04-29,19.6,NBC,1,Normal Episode
5,21,467671,The One with the Ball,Gary Halvorson, Gregory S. Malins,1999-05-06,20.9,NBC,1,Normal Episode
5,22,467672,The One with Joey's Big Break,Gary Halvorson, Wil Calhoun,1999-05-13,21.3,NBC,1,Normal Episode
6,1,225551,The One After Vegas,Kevin S. Bright,Adam Chase,1999-09-23,27.7,NBC,1,Season Premiere
6,2,225552,The One Where Ross Hugs Rachel,Gail Mancuso,Shana Goldberg-Meehan,1999-09-30,22.9,NBC,1,Normal Episode
6,3,225553,The One with Ross's Denial,Gary Halvorson,Seth Kurland,1999-10-07,21.6,NBC,1,Normal Episode
6,4,225554,The One Where Joey Loses His Insurance,Gary Halvorson,Andrew Reich & Ted Cohen,1999-10-14,21.1,NBC,1,Normal Episode
6,5,225555,The One with Joey's Porsche,Gary Halvorson,Perry Rein & Gigi McCreery,1999-10-21,22.4,NBC,1,Normal Episode
6,6,225556,The One on the Last Night,David Schwimmer,Scott Silveri,1999-11-04,23.6,NBC,1,Normal Episode
6,7,225557,The One Where Phoebe Runs,Gary Halvorson,Sherry Bilsing-Graham & Ellen Plummer,1999-11-11,22.7,NBC,1,Normal Episode
6,8,225558,The One with Ross's Teeth,Gary Halvorson, Perry Rein & Gigi McCreery,1999-11-18,22.1,NBC,1,Normal Episode
6,9,225559,The One Where Ross Got High,Kevin S. Bright,Gregory S. Malins,1999-11-25,19.2,NBC,1,Normal Episode
6,10,225561,The One with the Routine,Kevin S. Bright,Brian Boyle,1999-12-16,22.4,NBC,1,Normal Episode
6,11,225560,The One with the Apothecary Table,Kevin S. Bright, Brian Boyle,2000-01-06,22.3,NBC,1,Normal Episode
6,12,225562,The One with the Joke,Gary Halvorson, Andrew Reich & Ted Cohen,2000-01-13,22.3,NBC,1,Normal Episode
6,13,225563,The One with Rachel's Sister,Gary Halvorson, Sherry Bilsing-Graham & Ellen Plummer,2000-02-03,24.1,NBC,1,Normal Episode
6,14,225564,The One Where Chandler Can't Cry,Kevin S. Bright,Andrew Reich & Ted Cohen,2000-02-10,23.8,NBC,1,Normal Episode
6,17,225568,The One with UnagiThe One with the Mix Tape,Gary Halvorson, Adam Chase,2000-02-24,22.1,NBC,1,Normal Episode
6,18,225567,The One Where Ross Dates a Student,Gary Halvorson,Seth Kurland,2000-03-09,20.5,NBC,1,Normal Episode
6,19,225569,The One with Joey's Fridge,Ben Weiss, Gigi McCreery & Perry Rein,2000-03-23,21.5,NBC,1,Normal Episode
6,20,225575,The One with Mac and C.H.E.E.S.E.,Kevin S. Bright,Doty Abrams,2000-04-13,18.8,NBC,1,Normal Episode
6,21,225570,The One Where Ross Meets Elizabeth's Dad,Michael Lembeck, Scott Silveri,2000-04-27,20.6,NBC,1,Normal Episode
6,22,225571,The One Where Paul's the Man,Gary Halvorson, Sherry Bilsing-Graham & Ellen Plummer,2000-05-04,20.0,NBC,1,Normal Episode
6,23,225572,The One with the Ring,Gary Halvorson,Ted Cohen & Andrew Reich,2000-05-11,20.9,NBC,1,Normal Episode
7,1,226401,The One with Monica's Thunder,Kevin S. Bright, David Crane & Marta Kauffman,2000-10-12,25.54,NBC,1,Season Premiere
7,2,226402,The One with Rachel's Book,Michael Lembeck,Andrew Reich & Ted Cohen,2000-10-12,27.93,NBC,1,Normal Episode
7,3,226405,The One with Phoebe's Cookies,Gary Halvorson,Sherry Bilsing & Ellen Plummer,2000-10-19,22.7,NBC,1,Normal Episode
7,4,226403,The One with Rachel's Assistant,David Schwimmer,Brian Boyle,2000-10-26,22.66,NBC,1,Normal Episode
7,5,226404,The One with the Engagement Picture,Gary Halvorson, Patty Lin,2000-11-02,24.43,NBC,1,Normal Episode
7,6,226406,The One with the Nap Partners,Gary Halvorson,Brian Buckner & Sebastian Jones,2000-11-09,22.01,NBC,1,Normal Episode
7,7,226410,The One with Ross's Library Book,David Schwimmer,Scott Silveri,2000-11-16,23.73,NBC,1,Normal Episode
7,8,226407,The One Where Chandler Doesn't Like Dogs,Kevin S. Bright,Patty Lin,2000-11-23,16.57,NBC,1,Normal Episode
7,9,226408,The One with All the Candy,David Schwimmer,Wil Calhoun,2000-12-07,21.08,NBC,1,Normal Episode
7,10,226409,The One with the Holiday Armadillo,Gary Halvorson,Gregory S. Malins,2000-12-14,23.26,NBC,1,Normal Episode
7,11,226412,The One with All the Cheesecakes,Gary Halvorson,Shana Goldberg-Meehan,2001-01-04,24.37,NBC,1,Normal Episode
7,12,226413,The One Where They're Up All Night,Kevin S. Bright,Zachary Rosenblatt,2001-01-11,22.86,NBC,1,Normal Episode
7,13,226415,The One Where Rosita Dies,Stephen Prime, Brian Buckner & Sebastian Jones,2001-02-01,22.24,NBC,1,Normal Episode
7,14,226411,The One Where They All Turn Thirty,Ben Weiss, Ellen Plummer & Sherry Bilsing,2001-02-08,22.4,NBC,1,Normal Episode
7,15,226416,The One with Joey's New Brain,Kevin S. Bright, Andrew Reich & Ted Cohen,2001-02-15,21.75,NBC,1,Normal Episode
7,16,226417,The One with the Truth About London,David Schwimmer, Zachary Rosenblatt,2001-02-22,21.22,NBC,1,Normal Episode
7,17,226414,The One with the Cheap Wedding Dress,Kevin S. Bright, Andrew Reich & Ted Cohen,2001-03-15,20.84,NBC,1,Normal Episode
7,18,226418,The One with Joey's Award,Gary Halvorson, Brian Boyle,2001-03-29,17.81,NBC,1,Normal Episode
7,19,226421,The One with Ross and Monica's Cousin,Gary Halvorson,Andrew Reich & Ted Cohen,2001-04-19,16.55,NBC,1,Normal Episode
7,20,226419,The One with Rachel's Big Kiss,Gary Halvorson,Scott Silveri & Shana Goldberg-Meehan,2001-04-26,16.3,NBC,1,Normal Episode
7,21,226424,The One with the Vows,Gary Halvorson,Doty Abrams,2001-05-03,15.65,NBC,1,Normal Episode
7,22,226420,The One with Chandler's Dad,Kevin S. Bright & Gary Halvorson, Brian Buckner & Sebastian Jones,2001-05-10,17.23,NBC,1,Normal Episode
8,1,227401,The One After 'I Do',Kevin S. Bright,David Crane & Marta Kauffman,2001-09-27,31.7,NBC,1,Season Premiere
8,2,227402,The One with the Red Sweater,David Schwimmer,Dana Klein Borkow,2001-10-04,30.04,NBC,1,Normal Episode
8,3,227403,The One Where Rachel Tells...,Sheldon Epps,Sherry Bilsing & Ellen Plummer,2001-10-11,29.2,NBC,1,Normal Episode
8,4,227406,The One with the Videotape,Kevin S. Bright,Scott Silveri,2001-10-18,25.58,NBC,1,Normal Episode
8,5,227404,The One with Rachel's Date,Gary Halvorson,Brian Buckner & Sebastian Jones,2001-10-25,25.64,NBC,1,Normal Episode
8,6,227405,The One with the Halloween Party,Gary Halvorson,Mark Kunerth,2001-11-01,26.96,NBC,1,Normal Episode
8,7,227407,The One with the Stain,Kevin S. Bright,R. Lee Fleming Jr.,2001-11-08,24.24,NBC,1,Normal Episode
8,8,227408,The One with the Stripper,David Schwimmer,Andrew Reich & Ted Cohen,2001-11-15,26.54,NBC,1,Normal Episode
8,9,227410,The One with the Rumor,Gary Halvorson,Shana Goldberg-Meehan,2001-11-22,24.24,NBC,1,Normal Episode
8,10,227409,The One with Monica's Boots,Kevin S. Bright, Brian Buckner & Sebastian Jones,2001-12-06,22.44,NBC,1,Normal Episode
8,11,227411,The One with Ross's Step ForwardThe One with The Creepy Holiday Card,Gary Halvorson,Robert Carlock,2001-12-13,23.85,NBC,1,Normal Episode
8,12,227412,The One Where Joey Dates Rachel,David Schwimmer,Sherry Bilsing-Graham & Ellen Plummer,2002-01-10,25.53,NBC,1,Normal Episode
8,13,227413,The One Where Chandler Takes a Bath,Ben Weiss,Vanessa McCarthy,2002-01-17,29.24,NBC,1,Normal Episode
8,14,227414,The One with the Secret Closet,Kevin S. Bright,Brian Buckner & Sebastian Jones,2002-01-31,28.64,NBC,1,Normal Episode
8,15,227415,The One with the Birthing Video,Kevin S. Bright,Dana Klein Borkow,2002-02-07,28.64,NBC,1,Normal Episode
8,16,227416,The One Where Joey Tells Rachel,Ben Weiss,Andrew Reich & Ted Cohen,2002-02-28,27.52,NBC,1,Normal Episode
8,17,227417,The One with the Tea Leaves,Gary Halvorson, Steven Rosenhaus,2002-03-07,26.3,NBC,1,Normal Episode
8,18,227418,The One in MassapequaThe One with the Zesty Guy,Gary Halvorson, Mark Kunerth,2002-03-28,22.05,NBC,1,Normal Episode
8,19,227424,The One with Joey's Interview,Gary Halvorson,Doty Abrams,2002-04-04,22.59,NBC,1,Normal Episode
8,20,227421,The One with the Baby Shower,Kevin S. Bright,Sherry Bilsing-Graham & Ellen Plummer,2002-04-25,22.24,NBC,1,Normal Episode
8,21,227419,The One with the Cooking Class,Gary Halvorson, Brian Buckner & Sebastian Jones,2002-05-02,23.97,NBC,1,Normal Episode
8,22,227420,The One Where Rachel Is Late,Gary Halvorson,Shana Goldberg-Meehan,2002-05-09,24.32,NBC,1,Normal Episode
9,1,175251,The One Where No One Proposes,Kevin S. Bright,Sherry Bilsing-Graham & Ellen Plummer,2002-09-26,34.01,NBC,1,Season Premiere
9,2,175252,The One Where Emma Cries,Sheldon Epps,Dana Klein Borkow,2002-10-03,28.93,NBC,1,Normal Episode
9,3,175254,The One with the Pediatrician,Roger Christiansen,Brian Buckner & Sebastian Jones,2002-10-10,26.63,NBC,1,Normal Episode
9,4,175253,The One with the Sharks,Ben Weiss,Andrew Reich & Ted Cohen,2002-10-17,25.82,NBC,1,Normal Episode
9,5,175255,The One with Phoebe's Birthday Dinner,David Schwimmer,Scott Silveri,2002-10-31,24.46,NBC,1,199th Episode
9,6,175256,The One with the Male Nanny,Kevin S. Bright,David Crane & Marta Kauffman,2002-11-07,27.51,NBC,1,200th Episode
9,7,175257,The One with Ross's Inappropriate Song,Gary Halvorson,Robert Carlock,2002-11-14,25.35,NBC,1,Normal Episode
9,8,175258,The One with Rachel's Other Sister,Kevin S. Bright,Shana Goldberg-Meehan,2002-11-21,26.76,NBC,1,Normal Episode
9,9,175259,The One with Rachel's Phone Number,Ben Weiss,Mark Kunerth,2002-12-05,25.43,NBC,1,Normal Episode
9,10,175260,The One with Christmas in Tulsa,Kevin S. Bright,Doty Abrams,2002-12-12,22.29,NBC,1,Normal Episode
9,11,175261,The One Where Rachel Goes Back to Work,Gary Halvorson, Peter Tibbals,2003-01-09,23.67,NBC,1,Normal Episode
9,12,175262,The One with Phoebe's Rats,Ben Weiss, Brian Buckner & Sebastian Jones,2003-01-16,23.66,NBC,1,Normal Episode
9,13,175263,The One Where Monica Sings,Gary Halvorson, Steven Rosenhaus,2003-01-30,25.82,NBC,1,Normal Episode
9,14,175265,The One with the Blind Dates,Gary Halvorson,Sherry Bilsing-Graham & Ellen Plummer,2003-02-06,23.37,NBC,1,Normal Episode
9,15,175264,The One with the Mugging,Gary Halvorson,Peter Tibbals,2003-02-13,20.85,NBC,1,Normal Episode
9,16,175266,The One with the Boob Job,Gary Halvorson,Mark Kunerth,2003-02-20,19.52,NBC,1,Normal Episode
9,17,175267,The One with the Memorial Service,Gary Halvorson, Brian Buckner & Sebastian Jones,2003-03-13,21.0,NBC,1,Normal Episode
9,18,175268,The One with the Lottery,Gary Halvorson, Sherry Bilsing-Graham & Ellen Plummer,2003-04-03,20.79,NBC,1,Normal Episode
9,19,175269,The One with Rachel's Dream,Terry Hughes, Mark Kunerth,2003-04-17,18.25,NBC,1,Normal Episode
9,20,175270,The One with the Soap Opera Party,Sheldon Epps, Andrew Reich & Ted Cohen,2003-04-24,20.71,NBC,1,Normal Episode
9,21,175271,The One with the Fertility Test,Gary Halvorson, Robert Carlock,2003-05-01,19.03,NBC,1,Normal Episode
9,22,175272,The One with the Donor,Ben Weiss,Andrew Reich & Ted Cohen,2003-05-08,19.55,NBC,1,Normal Episode
10,1,176251,The One After Joey and Rachel Kiss,Kevin S. Bright,Andrew Reich & Ted Cohen,2003-09-25,24.54,NBC,1,Season Premiere
10,2,176252,The One Where Ross Is Fine,Ben Weiss,Sherry Bilsing-Graham & Ellen Plummer,2003-10-02,22.38,NBC,1,Normal Episode
10,3,176253,The One with Ross's Tan,Gary Halvorson,Brian Buckner,2003-10-09,21.87,NBC,1,Normal Episode
10,4,176254,The One with the Cake,Gary Halvorson,Robert Carlock,2003-10-23,18.77,NBC,1,Normal Episode
10,5,176255,The One Where Rachel's Sister Babysits,Roger Christiansen,Dana Klein Borkow,2003-10-30,19.37,NBC,1,Normal Episode
10,6,176256,The One with Ross's Grant,Ben Weiss,Sebastian Jones,2003-11-06,20.38,NBC,1,Normal Episode
10,7,176257,The One with the Home Study,Kevin S. Bright,Mark Kunerth,2003-11-13,20.21,NBC,1,Normal Episode
10,8,176259,The One with the Late Thanksgiving,Gary Halvorson,Shana Goldberg-Meehan,2003-11-20,20.66,NBC,1,Normal Episode
10,9,176258,The One with the Birth Mother,David Schwimmer,Scott Silveri,2004-01-08,25.49,NBC,1,Normal Episode
10,10,176268,The One Where Chandler Gets Caught,Gary Halvorson,Doty Abrams,2004-01-15,26.68,NBC,1,Normal Episode
10,11,176260,The One Where the Stripper Cries,Kevin S. Bright,David Crane & Marta Kauffman,2004-02-05,24.91,NBC,1,Normal Episode
10,12,176262,The One with Phoebe's Wedding,Kevin S. Bright,Robert Carlock & Dana Klein Borkow,2004-02-12,25.9,NBC,1,Normal Episode
10,13,176261,The One Where Joey Speaks French,Gary Halvorson,Sherry Bilsing-Graham & Ellen Plummer,2004-02-19,24.27,NBC,1,Normal Episode
10,14,176263,The One with Princess Consuela,Gary Halvorson, Tracy Reilly,2004-02-26,22.83,NBC,1,Normal Episode
10,15,176264,The One Where Estelle Dies,Gary Halvorson, David Crane & Marta Kauffman,2004-04-22,22.64,NBC,1,Normal Episode
10,16,176265,The One with Rachel's Going Away Party,Gary Halvorson,Andrew Reich & Ted Cohen,2004-04-29,24.51,NBC,1,Normal Episode
2,12,457313,The One After the Superbowl: Part 1,Michael Lembeck,Jeffrey Astrof & Mike Sikowitz,1996-01-28,52.9,NBC,1,Normal Episode
2,13,457314,The One After the Superbowl: Part 2,Michael Lembeck,Michael Borkow,1996-01-28,52.9,NBC,2,Normal Episode
4,23,466623,The One with Ross' Wedding: Part 1,Kevin S. Bright,Michael Borkow,1998-05-07,31.6,NBC,1,Season Finale
4,24,466624,The One with Ross' Wedding: Part 2,Kevin S. Bright,Shana Goldberg-Meehan & Scott Silveri,1998-05-07,31.6,NBC,2,Season Finale
5,23,467673,The One in Vegas: Part 1,Kevin S. Bright,Ted Cohen & Andrew Reich,1999-05-20,25.9,NBC,1,Season Finale
5,24,467674,The One in Vegas: Part 2,Kevin S. Bright,Gregory S. Malins & Scott Silveri,1999-05-20,25.9,NBC,2,Season Finale
6,15,225565,The One That Could Have Been: Part 1,Michael Lembeck,Gregory S. Malins & Adam Chase,2000-02-17,20.7,NBC,1,Normal Episode
6,16,225566,The One That Could Have Been: Part 2,Michael Lembeck,David Crane & Marta Kauffman,2000-02-17,20.7,NBC,2,Normal Episode
6,24,225573,The One with the Proposal: Part 1,Kevin S. Bright,Shana Goldberg-Meehan & Scott Silveri,2000-05-18,30.7,NBC,1,Season Finale
6,25,225574,The One with the Proposal: Part 2,Kevin S. Bright,Andrew Reich & Ted Cohen,2000-05-18,30.7,NBC,2,Season Finale
7,23,226422,The One with Monica and Chandler's Wedding: Part 1,Kevin S. Bright,Gregory S. Malins,2001-05-17,30.05,NBC,1,Season Finale
7,24,226423,The One with Monica and Chandler's Wedding: Part 2,Kevin S. Bright,Marta Kauffman & David Crane,2001-05-17,30.05,NBC,2,Season Finale
8,23,227422,The One Where Rachel Has a Baby: Part 1,Kevin S. Bright,Scott Silveri,2002-05-16,34.91,NBC,1,Season Finale
8,24,227423,The One Where Rachel Has a Baby: Part 2,Kevin S. Bright,Marta Kauffman & David Crane,2002-05-16,34.91,NBC,2,Season Finale
9,23,175273,The One in Barbados: Part 1,Kevin S. Bright,Shana Goldberg-Meehan & Scott Silveri,2003-05-15,25.46,NBC,1,Season Finale
9,24,175274,The One in Barbados: Part 2,Kevin S. Bright,Marta Kauffman & David Crane,2003-05-15,25.46,NBC,2,Season Finale
10,17,176266,The Last One: Part 1,Kevin S. Bright,Marta Kauffman & David Crane,2004-05-06,52.46,NBC,1,Season Finale
10,18,176267,The Last One: Part 2,Kevin S. Bright,Marta Kauffman & David Crane,2004-05-06,52.46,NBC,2,Season Finale
